<?xml version="1.0" encoding="UTF-8"?>
<!--
/************************************************************
   File: application.xml
   Version 1.0
   Date         Author           Changes
   29.09.2005   Ivan Dubrov      Created

   Copyright (c) 2005, IBM Corporation
   All rights reserved.
*************************************************************/
-->
<application xmlns="http://java.sun.com/xml/ns/j2ee"
    xmlns:xsi="http://www.w3.org/2001/XMLSchema-instance"
    version="1.4"
    xsi:schemaLocation="http://java.sun.com/xml/ns/j2ee http://java.sun.com/xml/ns/j2ee/application_1_4.xsd">

  <display-name>J2G Migration</display-name>

  <module>
    <ejb>security.sar</ejb>
  </module>

  <module>
    <ejb>security.jar</ejb>
  </module>

  <module>
    <web>
      <web-uri>security.war</web-uri>
      <context-root>/security</context-root>
    </web>
  </module>
</application>
