<?xml version="1.0"?>

<connector xmlns="http://geronimo.apache.org/xml/ns/j2ee/connector" version="1.5" configId="org/apache/geronimo/Mysql" parentId="org/apache/geronimo/Server">
<dependency>
  <uri>mysql/jars/mysql-connector-java-3.1.10-bin.jar</uri>
</dependency>
<resourceadapter>
  <outbound-resourceadapter>
    <connection-definition>
      <connectionfactory-interface> 
        javax.sql.DataSource 
      </connectionfactory-interface>
      <connectiondefinition-instance>
        <name>TradeDS</name>
        <config-property-setting name="UserName"> 
          root 
        </config-property-setting>
        <config-property-setting name="Password"> 
          password
        </config-property-setting>
        <config-property-setting name="Driver"> 
          com.mysql.jdbc.Driver 
        </config-property-setting>
        <config-property-setting name="ConnectionURL">
          jdbc:mysql://localhost:3306/tradedb
        </config-property-setting>
        <config-property-setting name="CommitBeforeAutocommit"> 
           false 
        </config-property-setting>
        <config-property-setting name="ExceptionSorterClass"> 
           org.tranql.connector.NoExceptionsAreFatalSorter
        </config-property-setting>

        <connectionmanager>
          <local-transaction/>
          <single-pool>
             <max-size>10</max-size>
             <min-size>0</min-size>
             <blocking-timeout-milliseconds> 
                5000 
              </blocking-timeout-milliseconds>
              <idle-timeout-minutes>
                30
              </idle-timeout-minutes>
              <match-one/>
          </single-pool>
        </connectionmanager>

        <global-jndi-name> 
          jdbc/TradeDB
        </global-jndi-name>

      </connectiondefinition-instance>
    </connection-definition>
  </outbound-resourceadapter>
</resourceadapter>
</connector>

