<?xml version="1.0" encoding="UTF-8"?>

<webservices xmlns="http://java.sun.com/xml/ns/j2ee" version="1.1">

    <webservice-description>
        <webservice-description-name>SearchPhones</webservice-description-name>
        <wsdl-file>WEB-INF/wsdl/search-phones-service.wsdl</wsdl-file>
        <jaxrpc-mapping-file>WEB-INF/search-phones-server-mapping.xml</jaxrpc-mapping-file>
        <port-component>
            <port-component-name>SearchPhonesService</port-component-name>
            <wsdl-port>SearchPhonesService</wsdl-port>
            <service-endpoint-interface>com.ibm.j2g.webservices.server.SearchPhonesPortType</service-endpoint-interface>
            <service-impl-bean>
                <servlet-link>SearchPhonesServer</servlet-link>
            </service-impl-bean>
        </port-component>
    </webservice-description>

</webservices>

