<?xml version='1.0' encoding='UTF-8' ?>
<jboss>
	<enterprise-beans>
		<entity>
			<ejb-name>CustomerEJB</ejb-name>
			<jndi-name>CustomerHomeRemote</jndi-name>
			<resource-ref>
				<res-ref-name>jdbc/ibm-demo</res-ref-name>
				<jndi-name>java:/DefaultDS</jndi-name>
			</resource-ref>
		</entity>
		<message-driven>
			<ejb-name>SampleMDB</ejb-name>
			<destination-jndi-name>queue/testQueue</destination-jndi-name>
			<ejb-ref>
				<ejb-ref-name>CustomerHomeRemote</ejb-ref-name>
				<jndi-name>CustomerHomeRemote</jndi-name>
			</ejb-ref>
		</message-driven>
	</enterprise-beans>
</jboss>