<?xml version="1.0"?>

<!DOCTYPE ejb-jar PUBLIC "-//Sun Microsystems, Inc.//DTD Enterprise JavaBeans 2.0//EN" "http://java.sun.com/dtd/ejb-jar_2_0.dtd">

<ejb-jar>
	<enterprise-beans>
		
		<entity>
			<description>This bean represents customer</description>
  			<ejb-name>CustomerEJB</ejb-name>
  			<home>com.ibm.demo.entity.CustomerHomeRemote</home>
  			<remote>com.ibm.demo.entity.CustomerRemote</remote>
			<ejb-class>com.ibm.demo.entity.CustomerBean</ejb-class>
			<persistence-type>Bean</persistence-type>
			<prim-key-class>java.lang.Integer</prim-key-class>
			<reentrant>False</reentrant>
			<security-identity><use-caller-identity/></security-identity>
			<resource-ref>
       			<description>DataSource for Demo Database</description>
       			<res-ref-name>jdbc/ibm-demo</res-ref-name>
       			<res-type>javax.sql.DataSource</res-type>
       			<res-auth>Container</res-auth>
  			</resource-ref>
	  	</entity>
	  	
	  	<session>
			<description>This bean manages the loan applications</description>
			<ejb-name>LoanManagerEJB</ejb-name>
			<home>com.ibm.demo.session.stateless.LoanManagerHomeRemote</home>
			<remote>com.ibm.demo.session.stateless.LoanManagerRemote</remote>
			<ejb-class>com.ibm.demo.session.stateless.LoanManagerBean</ejb-class>
			<session-type>Stateless</session-type>
			<transaction-type>Container</transaction-type>
			<ejb-ref>
				<ejb-ref-name>ejb/CustomerHomeRemote</ejb-ref-name>  
				<ejb-ref-type>Entity</ejb-ref-type>
				<home>com.ibm.demo.entity.CustomerHomeRemote</home>
				<remote>com.ibm.demo.entity.CustomerRemote</remote>
			</ejb-ref>
			<security-identity><use-caller-identity/></security-identity>
		</session>
		
		<session>
			<description>This bean manages the loan applications</description>
			<ejb-name>StatefulLoanManagerEJB</ejb-name>
			<home>com.ibm.demo.session.stateful.StatefulLoanManagerHomeRemote</home>
			<remote>com.ibm.demo.session.stateful.StatefulLoanManagerRemote</remote>
			<ejb-class>com.ibm.demo.session.stateful.StatefulLoanManagerBean</ejb-class>
			<session-type>Stateful</session-type>
			<transaction-type>Container</transaction-type>
			<ejb-ref>
				<ejb-ref-name>ejb/CustomerHomeRemote</ejb-ref-name>  
				<ejb-ref-type>Entity</ejb-ref-type>
				<home>com.ibm.demo.entity.CustomerHomeRemote</home>
				<remote>com.ibm.demo.entity.CustomerRemote</remote>
			</ejb-ref>
			<security-identity><use-caller-identity/></security-identity>
		</session>
		
	</enterprise-beans>
	
	<!--
	<assembly-descriptor>
		<security-role>
			<description>
				This role represents everyone who is allowed full access to the Ship EJB.
			</description>
			<role-name>all</role-name>
		</security-role>
		
		<method-permission>
			<role-name>all</role-name>
			<method>
				<ejb-name>CustomerEJB</ejb-name>
				<method-name>*</method-name>
			</method>
			<method>
				<ejb-name>LoanManagerEJB</ejb-name>
				<method-name>*</method-name>
			</method>
			<method>
				<ejb-name>StatefulLoanManagerEJB</ejb-name>
				<method-name>*</method-name>
			</method>
		</method-permission>
		
		<container-transaction>
			<method>
				<ejb-name>CustomerEJB</ejb-name>
				<method-name>*</method-name>
			</method>
			<method>
				<ejb-name>LoanManagerEJB</ejb-name>
				<method-name>*</method-name>
			</method>
			<method>
				<ejb-name>StatefulLoanManagerEJB</ejb-name>
				<method-name>*</method-name>
			</method>
			<trans-attribute>Required</trans-attribute>
		</container-transaction>
	</assembly-descriptor>
	-->
		
</ejb-jar>