<?xml version="1.0" encoding="UTF-8"?>

<connector xmlns="http://java.sun.com/xml/ns/j2ee"
        xmlns:xsi="http://www.w3.org/2001/XMLSchema-instance"
        xsi:schemaLocation="http://java.sun.com/xml/ns/j2ee
                            http://java.sun.com/xml/ns/j2ee/connector_1_5.xsd"
        version="1.5">

    <display-name>FileRetriever</display-name>
    <vendor-name>IBM</vendor-name>
    <eis-type>File system</eis-type>
    <resourceadapter-version>1.0</resourceadapter-version>
    <resourceadapter>
        <resourceadapter-class>org.jboss.resource.deployment.DummyResourceAdapter</resourceadapter-class>
        <outbound-resourceadapter>
            <connection-definition>
                <managedconnectionfactory-class>com.ibm.j2g.jca.connector.impl.FileRetrieverManagedConnectionFactory</managedconnectionfactory-class>
                <config-property>
                    <description>Path to the directory being the file repository</description>
                    <config-property-name>RepositoryPath</config-property-name>
                    <config-property-type>java.lang.String</config-property-type>
                </config-property>
                <connectionfactory-interface>com.ibm.j2g.jca.connector.FileRetrieverConnectionFactory</connectionfactory-interface>
                <connectionfactory-impl-class>com.ibm.j2g.jca.connector.impl.FileRetrieverConnectionFactoryImpl</connectionfactory-impl-class>
                <connection-interface>com.ibm.j2g.jca.connector.FileRetrieverConnection</connection-interface>
                <connection-impl-class>com.ibm.j2g.jca.connector.impl.FileRetrieverConnectionImpl</connection-impl-class>
            </connection-definition>
            <transaction-support>NoTransaction</transaction-support>
            <reauthentication-support>false</reauthentication-support>
        </outbound-resourceadapter>
    </resourceadapter>

</connector>
