<?xml version="1.0" encoding="UTF-8"?>
<project>
    
    <pomVersion>3</pomVersion>

    <artifactId>entity-ejb</artifactId>
    <name>EntityEJB</name>
    <groupId>ejbdemo</groupId>
    <currentVersion>SNAPSHOT</currentVersion>
    
    <build>
        <sourceDirectory>src</sourceDirectory>
    </build>

	<dependencies>
        <dependency>
            <groupId>geronimo</groupId>
            <artifactId>geronimo-deployment-plugin</artifactId>
            <version>1.0-M5</version>
            <type>plugin</type>
        </dependency>
    </dependencies>    
    <dependencies>
        <dependency>
            <groupId>geronimo-spec</groupId>
            <artifactId>geronimo-spec-ejb</artifactId>
            <version>2.1-rc4</version>
            <type>jar</type>
        </dependency>
    </dependencies>
    <dependencies>
	    <dependency>
		    <groupId>openejb</groupId>
		    <artifactId>openejb-core</artifactId>
	        <version>2.0-G1M5</version>
	    </dependency>
    </dependencies>

    <dependencies>
	    <dependency>
		    <groupId>geronimo-spec</groupId>
		    <artifactId>geronimo-spec-j2ee</artifactId>
	        <version>1.4-rc4</version>
	    </dependency>
    </dependencies>

    <dependencies>
	    <dependency>
		    <groupId>geronimo</groupId>
		    <artifactId>geronimo-kernel</artifactId>
	        <version>1.0-M5</version>
	    </dependency>
    </dependencies>

    <dependencies>
	    <dependency>
		    <groupId>geronimo</groupId>
		    <artifactId>geronimo-security</artifactId>
	        <version>1.0-M5</version>
	    </dependency>
    </dependencies>

    <dependencies>
	    <dependency>
		    <groupId>cglib</groupId>
		    <artifactId>cglib-nodep</artifactId>
	        <version>2.1</version>
	    </dependency>
    </dependencies>

</project>